{"cameraMode":{"drawMode":0,"name":"Shaded","section":"Shading Mode"},"sceneLighting":true,"audioPlay":false,"sceneViewState":{"m_AlwaysRefresh":false,"showFog":true,"showSkybox":false,"showFlares":true,"showImageEffects":true,"showParticleSystems":true,"showVisualEffectGraphs":true,"m_FxEnabled":true},"in2DMode":false,"pivot":{"x":1.1837488412857056,"y":1.424926996231079,"z":1.4583262205123902},"rotation":{"x":0.10305925458669663,"y":-0.8885192275047302,"z":0.24478736519813538,"w":0.3742784559726715},"size":0.16909191012382508,"orthographic":false}